index,0,1,2,3,4,5,6,7
0,0.0,0.001,0.0,0.0,0.0,0.0,0.0,0.001
1,0.0,0.001,0.001,0.0,0.0,0.0,0.0,0.001
2,0.0,0.001,0.001,0.0,0.001,0.0,0.0,0.001
3,0.0,0.001,0.001,0.0,0.002,0.0,0.0,0.001
4,0.0,0.001,0.001,0.001,0.002,0.0,0.0,0.001
5,0.001,0.001,0.001,0.001,0.002,0.0,0.0,0.001
6,0.001,0.002,0.001,0.001,0.002,0.0,0.0,0.001
7,0.001,0.002,0.001,0.001,0.003,0.0,0.0,0.001
8,0.001,0.002,0.001,0.001,0.004,0.0,0.0,0.001
9,0.001,0.002,0.001,0.001,0.005,0.0,0.0,0.001
10,0.001,0.002,0.001,0.001,0.006,0.0,0.0,0.001
11,0.001,0.002,0.001,0.001,0.007,0.0,0.0,0.001
12,0.001,0.002,0.001,0.001,0.008,0.0,0.0,0.001
13,0.001,0.002,0.001,0.001,0.009,0.0,0.0,0.001
14,0.001,0.002,0.001,0.001,0.01,0.0,0.0,0.001
15,0.001,0.002,0.001,0.001,0.011,0.0,0.0,0.001
16,0.001,0.002,0.001,0.002,0.011,0.0,0.0,0.001
17,0.001,0.002,0.001,0.002,0.011,0.001,0.0,0.001
18,0.001,0.002,0.002,0.002,0.011,0.001,0.0,0.001
19,0.001,0.002,0.002,0.002,0.011,0.001,0.0,0.002
20,0.001,0.003,0.002,0.002,0.011,0.001,0.0,0.002
21,0.001,0.003,0.002,0.002,0.011,0.001,0.0,0.003
22,0.001,0.003,0.002,0.002,0.011,0.001,0.0,0.004
23,0.001,0.003,0.002,0.002,0.012,0.001,0.0,0.004
24,0.001,0.003,0.002,0.003,0.012,0.001,0.0,0.004
25,0.002,0.003,0.002,0.003,0.012,0.001,0.0,0.004
26,0.002,0.004,0.002,0.003,0.012,0.001,0.0,0.004
27,0.002,0.004,0.002,0.003,0.013,0.001,0.0,0.004
28,0.002,0.004,0.002,0.004,0.013,0.001,0.0,0.004
29,0.002,0.004,0.002,0.004,0.013,0.002,0.0,0.004
30,0.002,0.004,0.003,0.004,0.013,0.002,0.0,0.004
31,0.002,0.004,0.003,0.004,0.014,0.002,0.0,0.004
32,0.002,0.004,0.003,0.004,0.015,0.002,0.0,0.004
33,0.002,0.004,0.003,0.005,0.015,0.002,0.0,0.004
34,0.002,0.004,0.003,0.005,0.015,0.003,0.0,0.004
35,0.002,0.004,0.004,0.005,0.015,0.003,0.0,0.004
36,0.002,0.004,0.004,0.005,0.015,0.003,0.0,0.005
37,0.002,0.004,0.004,0.005,0.016,0.003,0.0,0.005
38,0.002,0.004,0.004,0.005,0.017,0.003,0.0,0.005
39,0.002,0.004,0.004,0.006,0.017,0.003,0.0,0.005
40,0.002,0.004,0.004,0.006,0.017,0.003,0.001,0.005
41,0.003,0.004,0.004,0.006,0.017,0.003,0.001,0.005
42,0.003,0.004,0.004,0.006,0.017,0.004,0.001,0.005
43,0.003,0.004,0.005,0.006,0.017,0.004,0.001,0.005
44,0.003,0.004,0.005,0.006,0.017,0.004,0.001,0.006
45,0.003,0.004,0.005,0.006,0.018,0.004,0.001,0.006
46,0.003,0.004,0.005,0.007,0.018,0.004,0.001,0.006
47,0.003,0.004,0.005,0.007,0.018,0.005,0.001,0.006
48,0.003,0.004,0.006,0.007,0.018,0.005,0.001,0.006
49,0.003,0.004,0.006,0.007,0.019,0.005,0.001,0.006
50,0.003,0.004,0.006,0.007,0.02,0.005,0.001,0.006
51,0.003,0.004,0.006,0.008,0.02,0.005,0.001,0.006
52,0.004,0.004,0.006,0.008,0.02,0.005,0.001,0.006
53,0.004,0.005,0.006,0.008,0.02,0.005,0.001,0.006
54,0.004,0.005,0.006,0.008,0.02,0.005,0.001,0.007
55,0.004,0.005,0.006,0.008,0.021,0.005,0.001,0.007
56,0.004,0.005,0.006,0.009,0.021,0.005,0.001,0.007
57,0.005,0.005,0.006,0.009,0.021,0.005,0.001,0.007
58,0.005,0.005,0.006,0.009,0.021,0.006,0.001,0.007
59,0.005,0.005,0.007,0.009,0.021,0.006,0.001,0.007
60,0.005,0.005,0.007,0.009,0.022,0.006,0.001,0.007
61,0.005,0.005,0.007,0.01,0.022,0.006,0.001,0.007
62,0.005,0.005,0.007,0.01,0.022,0.006,0.002,0.007
63,0.005,0.005,0.007,0.01,0.022,0.007,0.002,0.007
64,0.005,0.005,0.008,0.01,0.022,0.007,0.002,0.007
65,0.005,0.005,0.008,0.01,0.022,0.007,0.002,0.008
66,0.005,0.005,0.008,0.01,0.023,0.007,0.002,0.008
67,0.005,0.005,0.008,0.01,0.024,0.007,0.002,0.008
68,0.005,0.005,0.008,0.01,0.025,0.007,0.002,0.008
69,0.005,0.005,0.008,0.01,0.026,0.007,0.002,0.008
70,0.005,0.005,0.008,0.011,0.026,0.007,0.002,0.008
71,0.005,0.005,0.008,0.011,0.026,0.008,0.002,0.008
72,0.005,0.005,0.009,0.011,0.026,0.008,0.002,0.008
73,0.005,0.005,0.009,0.011,0.027,0.008,0.002,0.008
74,0.005,0.005,0.009,0.012,0.027,0.008,0.002,0.008
75,0.006,0.005,0.009,0.012,0.027,0.008,0.002,0.008
76,0.006,0.005,0.009,0.012,0.027,0.009,0.002,0.008
77,0.007,0.005,0.009,0.012,0.027,0.009,0.002,0.008
78,0.007,0.005,0.009,0.012,0.027,0.01,0.002,0.008
79,0.007,0.005,0.01,0.012,0.027,0.01,0.002,0.008
80,0.007,0.005,0.01,0.012,0.028,0.01,0.002,0.008
81,0.007,0.005,0.01,0.012,0.029,0.01,0.002,0.008
82,0.007,0.005,0.01,0.012,0.03,0.01,0.002,0.008
83,0.007,0.005,0.01,0.013,0.03,0.01,0.002,0.008
84,0.007,0.005,0.01,0.013,0.03,0.01,0.003,0.008
85,0.008,0.005,0.01,0.013,0.03,0.01,0.003,0.008
86,0.008,0.005,0.01,0.013,0.03,0.011,0.003,0.008
87,0.008,0.005,0.011,0.013,0.03,0.011,0.003,0.008
88,0.008,0.005,0.011,0.013,0.031,0.011,0.003,0.008
89,0.008,0.005,0.011,0.013,0.032,0.011,0.003,0.008
90,0.008,0.005,0.011,0.013,0.033,0.011,0.003,0.008
91,0.008,0.005,0.011,0.013,0.034,0.011,0.003,0.008
92,0.008,0.005,0.011,0.013,0.035,0.011,0.003,0.008
93,0.008,0.005,0.011,0.013,0.036,0.011,0.003,0.008
94,0.008,0.005,0.011,0.013,0.037,0.011,0.003,0.008
95,0.008,0.005,0.011,0.013,0.038,0.011,0.003,0.008
96,0.008,0.005,0.011,0.014,0.038,0.011,0.003,0.008
97,0.008,0.005,0.011,0.014,0.038,0.012,0.003,0.008
98,0.008,0.005,0.012,0.014,0.038,0.012,0.003,0.008
99,0.008,0.005,0.012,0.014,0.039,0.012,0.003,0.008
100,0.008,0.005,0.012,0.014,0.04,0.012,0.003,0.008
101,0.008,0.005,0.012,0.014,0.041,0.012,0.003,0.008
102,0.008,0.005,0.012,0.014,0.042,0.012,0.003,0.008
103,0.008,0.005,0.012,0.014,0.043,0.012,0.003,0.008
104,0.008,0.005,0.012,0.015,0.043,0.012,0.003,0.008
105,0.008,0.005,0.012,0.015,0.043,0.013,0.003,0.008
106,0.008,0.005,0.013,0.015,0.043,0.013,0.003,0.008
107,0.008,0.005,0.013,0.015,0.043,0.013,0.003,0.009
108,0.008,0.005,0.013,0.015,0.044,0.013,0.003,0.009
109,0.008,0.005,0.013,0.016,0.044,0.013,0.003,0.009
110,0.008,0.005,0.013,0.016,0.044,0.014,0.003,0.009
111,0.008,0.005,0.014,0.016,0.044,0.014,0.003,0.009
112,0.008,0.005,0.014,0.016,0.045,0.014,0.003,0.009
113,0.008,0.005,0.014,0.016,0.046,0.014,0.003,0.009
114,0.008,0.005,0.014,0.017,0.046,0.014,0.003,0.009
115,0.008,0.005,0.014,0.017,0.046,0.015,0.003,0.009
116,0.009,0.005,0.014,0.017,0.046,0.015,0.003,0.009
117,0.009,0.005,0.014,0.017,0.046,0.016,0.003,0.009
118,0.009,0.005,0.015,0.017,0.046,0.016,0.003,0.009
119,0.009,0.005,0.015,0.017,0.046,0.016,0.003,0.01
120,0.009,0.006,0.015,0.017,0.046,0.016,0.003,0.01
121,0.009,0.006,0.015,0.017,0.047,0.016,0.003,0.01
122,0.009,0.006,0.015,0.018,0.047,0.016,0.003,0.01
123,0.01,0.006,0.015,0.018,0.047,0.016,0.003,0.01
124,0.01,0.007,0.015,0.018,0.047,0.016,0.003,0.01
125,0.01,0.007,0.015,0.018,0.048,0.016,0.003,0.01
126,0.01,0.007,0.015,0.018,0.049,0.016,0.003,0.01
127,0.01,0.007,0.015,0.018,0.05,0.016,0.003,0.01
128,0.01,0.007,0.015,0.018,0.051,0.016,0.003,0.01
129,0.01,0.007,0.015,0.018,0.052,0.016,0.003,0.01
130,0.01,0.007,0.015,0.019,0.052,0.016,0.003,0.01
131,0.01,0.007,0.015,0.019,0.052,0.017,0.003,0.01
132,0.01,0.007,0.016,0.019,0.052,0.017,0.003,0.01
133,0.01,0.007,0.016,0.019,0.052,0.017,0.003,0.011
134,0.01,0.007,0.016,0.019,0.053,0.017,0.003,0.011
135,0.01,0.007,0.016,0.019,0.054,0.017,0.003,0.011
136,0.01,0.007,0.016,0.019,0.055,0.017,0.003,0.011
137,0.01,0.007,0.016,0.02,0.055,0.017,0.003,0.011
138,0.01,0.007,0.016,0.02,0.055,0.018,0.003,0.011
139,0.011,0.007,0.016,0.02,0.055,0.018,0.003,0.011
140,0.011,0.007,0.016,0.02,0.055,0.019,0.003,0.011
141,0.011,0.007,0.017,0.02,0.055,0.019,0.003,0.011
142,0.011,0.007,0.017,0.02,0.055,0.019,0.003,0.012
143,0.011,0.008,0.017,0.02,0.055,0.019,0.003,0.012
144,0.011,0.008,0.017,0.02,0.056,0.019,0.003,0.012
145,0.011,0.008,0.017,0.02,0.057,0.019,0.003,0.012
146,0.011,0.008,0.017,0.021,0.057,0.019,0.003,0.012
147,0.011,0.008,0.017,0.021,0.057,0.02,0.003,0.012
148,0.011,0.008,0.018,0.021,0.057,0.02,0.003,0.012
149,0.011,0.008,0.018,0.021,0.057,0.02,0.003,0.013
150,0.011,0.009,0.018,0.021,0.057,0.02,0.003,0.013
151,0.011,0.009,0.019,0.021,0.057,0.02,0.003,0.013
152,0.011,0.009,0.019,0.021,0.058,0.02,0.003,0.013
153,0.011,0.009,0.019,0.022,0.058,0.02,0.003,0.013
154,0.011,0.009,0.019,0.022,0.058,0.021,0.003,0.013
155,0.011,0.009,0.02,0.022,0.058,0.021,0.003,0.013
156,0.011,0.009,0.02,0.022,0.059,0.021,0.003,0.013
157,0.011,0.009,0.02,0.022,0.06,0.021,0.003,0.013
158,0.011,0.009,0.02,0.023,0.06,0.021,0.003,0.013
159,0.011,0.009,0.02,0.023,0.06,0.022,0.003,0.013
160,0.011,0.009,0.021,0.023,0.06,0.022,0.003,0.013
161,0.011,0.009,0.021,0.023,0.061,0.022,0.003,0.013
162,0.011,0.009,0.021,0.024,0.061,0.022,0.003,0.013
163,0.011,0.009,0.021,0.024,0.061,0.023,0.003,0.013
164,0.011,0.009,0.022,0.024,0.061,0.023,0.003,0.013
165,0.011,0.009,0.022,0.024,0.062,0.023,0.003,0.013
166,0.011,0.009,0.022,0.024,0.063,0.023,0.003,0.013
167,0.011,0.009,0.022,0.024,0.064,0.023,0.003,0.013
168,0.011,0.009,0.022,0.025,0.064,0.023,0.003,0.013
169,0.011,0.009,0.022,0.025,0.064,0.023,0.004,0.013
170,0.012,0.009,0.022,0.025,0.064,0.023,0.004,0.013
171,0.012,0.009,0.022,0.025,0.064,0.024,0.004,0.013
172,0.012,0.009,0.023,0.025,0.064,0.024,0.004,0.013
173,0.012,0.009,0.023,0.025,0.064,0.024,0.004,0.014
174,0.012,0.01,0.023,0.025,0.064,0.024,0.004,0.014
175,0.012,0.01,0.023,0.025,0.064,0.024,0.004,0.015
176,0.012,0.01,0.023,0.025,0.064,0.024,0.004,0.016
177,0.012,0.01,0.023,0.025,0.065,0.024,0.004,0.016
178,0.012,0.01,0.023,0.025,0.066,0.024,0.004,0.016
179,0.012,0.01,0.023,0.026,0.066,0.024,0.004,0.016
180,0.012,0.01,0.023,0.026,0.066,0.025,0.004,0.016
181,0.012,0.01,0.024,0.026,0.066,0.025,0.004,0.016
182,0.012,0.01,0.024,0.026,0.066,0.025,0.004,0.017
183,0.012,0.011,0.024,0.026,0.066,0.025,0.004,0.017
184,0.012,0.011,0.025,0.026,0.066,0.025,0.004,0.017
185,0.012,0.011,0.025,0.026,0.066,0.025,0.004,0.018
186,0.012,0.011,0.025,0.026,0.067,0.025,0.004,0.018
187,0.012,0.011,0.025,0.027,0.067,0.025,0.004,0.018
188,0.012,0.011,0.025,0.027,0.067,0.025,0.005,0.018
189,0.013,0.011,0.025,0.027,0.067,0.025,0.005,0.018
190,0.013,0.011,0.025,0.027,0.067,0.026,0.005,0.018
191,0.013,0.011,0.026,0.027,0.067,0.026,0.005,0.018
192,0.013,0.011,0.026,0.027,0.068,0.026,0.005,0.018
193,0.013,0.011,0.026,0.028,0.068,0.026,0.005,0.018
194,0.014,0.011,0.026,0.028,0.068,0.026,0.005,0.018
195,0.014,0.012,0.026,0.028,0.068,0.026,0.005,0.018
196,0.014,0.012,0.026,0.028,0.069,0.026,0.005,0.018
197,0.014,0.012,0.026,0.028,0.07,0.026,0.005,0.018
198,0.014,0.012,0.026,0.028,0.071,0.026,0.005,0.018
199,0.014,0.012,0.026,0.029,0.071,0.026,0.005,0.018
200,0.014,0.012,0.026,0.029,0.071,0.026,0.006,0.018
201,0.015,0.012,0.026,0.029,0.071,0.026,0.006,0.018
202,0.015,0.013,0.026,0.029,0.071,0.026,0.006,0.018
203,0.015,0.013,0.026,0.029,0.071,0.026,0.006,0.019
204,0.015,0.013,0.026,0.029,0.072,0.026,0.006,0.019
205,0.015,0.013,0.026,0.03,0.072,0.026,0.006,0.019
206,0.015,0.013,0.026,0.03,0.072,0.027,0.006,0.019
207,0.015,0.013,0.027,0.03,0.072,0.027,0.006,0.019
208,0.015,0.013,0.027,0.03,0.072,0.027,0.006,0.02
209,0.015,0.013,0.027,0.03,0.073,0.027,0.006,0.02
210,0.015,0.013,0.027,0.03,0.074,0.027,0.006,0.02
211,0.015,0.013,0.027,0.03,0.075,0.027,0.006,0.02
212,0.015,0.013,0.027,0.031,0.075,0.027,0.006,0.02
213,0.015,0.013,0.027,0.031,0.075,0.028,0.006,0.02
214,0.015,0.013,0.028,0.031,0.075,0.028,0.006,0.02
215,0.015,0.013,0.028,0.031,0.075,0.028,0.006,0.021
216,0.015,0.013,0.028,0.031,0.076,0.028,0.006,0.021
217,0.015,0.013,0.028,0.031,0.077,0.028,0.006,0.021
218,0.015,0.013,0.028,0.032,0.077,0.028,0.006,0.021
219,0.015,0.013,0.028,0.032,0.077,0.028,0.007,0.021
220,0.016,0.013,0.028,0.032,0.077,0.028,0.007,0.021
221,0.016,0.013,0.028,0.032,0.077,0.029,0.007,0.021
222,0.016,0.013,0.029,0.032,0.077,0.029,0.007,0.021
223,0.016,0.013,0.029,0.032,0.077,0.029,0.007,0.022
224,0.016,0.013,0.029,0.032,0.077,0.029,0.007,0.023
225,0.016,0.014,0.029,0.032,0.077,0.029,0.007,0.023
226,0.016,0.014,0.029,0.032,0.077,0.029,0.007,0.024
227,0.016,0.014,0.029,0.032,0.078,0.029,0.007,0.024
228,0.016,0.014,0.029,0.032,0.079,0.029,0.007,0.024
229,0.016,0.014,0.029,0.033,0.079,0.029,0.007,0.024
230,0.016,0.014,0.029,0.033,0.079,0.03,0.007,0.024
231,0.016,0.014,0.03,0.033,0.079,0.03,0.007,0.024
232,0.016,0.014,0.03,0.033,0.079,0.03,0.007,0.025
233,0.016,0.014,0.03,0.033,0.079,0.03,0.007,0.026
234,0.016,0.014,0.03,0.033,0.079,0.03,0.007,0.027
235,0.016,0.015,0.03,0.033,0.079,0.03,0.007,0.027
236,0.016,0.015,0.031,0.033,0.079,0.03,0.007,0.027
237,0.016,0.015,0.031,0.033,0.079,0.03,0.007,0.028
238,0.016,0.015,0.031,0.033,0.08,0.03,0.007,0.028
239,0.016,0.015,0.031,0.034,0.08,0.03,0.007,0.028
240,0.016,0.015,0.031,0.034,0.08,0.03,0.008,0.028
241,0.017,0.015,0.031,0.034,0.08,0.03,0.008,0.028
242,0.017,0.016,0.031,0.034,0.08,0.03,0.008,0.028
243,0.017,0.016,0.031,0.034,0.08,0.03,0.008,0.029
244,0.017,0.016,0.031,0.034,0.081,0.03,0.008,0.029
245,0.017,0.016,0.031,0.035,0.081,0.03,0.008,0.029
246,0.017,0.016,0.031,0.035,0.081,0.03,0.009,0.029
247,0.017,0.016,0.031,0.035,0.081,0.031,0.009,0.029
248,0.017,0.016,0.032,0.035,0.081,0.031,0.009,0.029
249,0.017,0.016,0.032,0.035,0.081,0.031,0.009,0.03
250,0.017,0.016,0.032,0.035,0.082,0.031,0.009,0.03
251,0.017,0.016,0.032,0.035,0.083,0.031,0.009,0.03
252,0.017,0.016,0.032,0.035,0.084,0.031,0.009,0.03
253,0.017,0.016,0.032,0.035,0.085,0.031,0.009,0.03
254,0.017,0.016,0.032,0.036,0.085,0.031,0.009,0.03
255,0.018,0.016,0.032,0.036,0.085,0.031,0.009,0.03
256,0.018,0.016,0.032,0.036,0.085,0.032,0.009,0.03
257,0.018,0.016,0.033,0.036,0.085,0.032,0.009,0.03
258,0.018,0.016,0.033,0.036,0.086,0.032,0.009,0.03
259,0.018,0.016,0.033,0.036,0.087,0.032,0.009,0.03
260,0.018,0.016,0.033,0.036,0.088,0.032,0.009,0.03
261,0.018,0.016,0.033,0.036,0.089,0.032,0.009,0.03
262,0.018,0.016,0.033,0.036,0.09,0.032,0.009,0.03
263,0.018,0.016,0.033,0.036,0.091,0.032,0.009,0.03
264,0.018,0.016,0.033,0.036,0.092,0.032,0.009,0.03
265,0.018,0.016,0.033,0.036,0.093,0.032,0.009,0.03
266,0.018,0.016,0.033,0.036,0.094,0.032,0.009,0.03
267,0.018,0.016,0.033,0.036,0.095,0.032,0.009,0.03
268,0.018,0.016,0.033,0.037,0.095,0.032,0.009,0.03
269,0.018,0.016,0.033,0.037,0.095,0.033,0.009,0.03
270,0.018,0.016,0.034,0.037,0.095,0.033,0.009,0.03
271,0.018,0.016,0.034,0.037,0.096,0.033,0.009,0.03
272,0.018,0.016,0.034,0.038,0.096,0.033,0.009,0.03
273,0.018,0.016,0.034,0.038,0.096,0.033,0.01,0.03
274,0.019,0.016,0.034,0.038,0.096,0.033,0.01,0.03
275,0.019,0.016,0.034,0.038,0.096,0.034,0.01,0.03
276,0.019,0.016,0.035,0.038,0.096,0.034,0.01,0.03
277,0.019,0.016,0.035,0.038,0.096,0.034,0.01,0.031
278,0.019,0.016,0.035,0.038,0.097,0.034,0.01,0.031
279,0.019,0.016,0.035,0.039,0.097,0.034,0.01,0.031
280,0.02,0.016,0.035,0.039,0.097,0.034,0.01,0.031
281,0.02,0.016,0.035,0.039,0.097,0.035,0.01,0.031
282,0.02,0.016,0.036,0.039,0.097,0.035,0.01,0.031
283,0.02,0.016,0.036,0.039,0.098,0.035,0.01,0.031
284,0.02,0.016,0.036,0.039,0.099,0.035,0.01,0.031
285,0.02,0.016,0.036,0.039,0.1,0.035,0.01,0.031
286,0.02,0.016,0.036,0.039,0.101,0.035,0.01,0.031
287,0.02,0.016,0.036,0.04,0.101,0.035,0.01,0.031
288,0.02,0.016,0.036,0.04,0.101,0.036,0.01,0.031
289,0.021,0.016,0.036,0.04,0.101,0.036,0.01,0.031
290,0.021,0.016,0.036,0.04,0.101,0.037,0.01,0.031
291,0.021,0.016,0.037,0.04,0.101,0.037,0.01,0.031
292,0.021,0.016,0.037,0.04,0.102,0.037,0.01,0.031
293,0.021,0.016,0.037,0.04,0.103,0.037,0.01,0.031
294,0.021,0.016,0.037,0.041,0.103,0.037,0.01,0.031
295,0.021,0.016,0.037,0.041,0.103,0.038,0.01,0.031
296,0.021,0.016,0.038,0.041,0.103,0.038,0.01,0.031
297,0.021,0.016,0.038,0.041,0.104,0.038,0.01,0.031
298,0.021,0.016,0.038,0.041,0.105,0.038,0.01,0.031
299,0.021,0.016,0.038,0.042,0.105,0.038,0.01,0.031
300,0.021,0.016,0.038,0.042,0.105,0.039,0.01,0.031
301,0.021,0.016,0.039,0.042,0.105,0.039,0.01,0.031
302,0.021,0.016,0.039,0.042,0.105,0.039,0.01,0.032
303,0.021,0.016,0.039,0.042,0.106,0.039,0.01,0.032
304,0.021,0.016,0.039,0.043,0.106,0.039,0.01,0.032
305,0.021,0.016,0.039,0.043,0.106,0.039,0.011,0.032
306,0.021,0.016,0.039,0.043,0.106,0.04,0.011,0.032
307,0.021,0.016,0.04,0.043,0.106,0.04,0.011,0.032
308,0.021,0.016,0.04,0.043,0.107,0.04,0.011,0.032
309,0.021,0.016,0.04,0.043,0.108,0.04,0.011,0.032
310,0.021,0.016,0.04,0.044,0.108,0.04,0.011,0.032
311,0.021,0.016,0.04,0.044,0.108,0.04,0.012,0.032
312,0.022,0.016,0.04,0.044,0.108,0.04,0.012,0.032
313,0.022,0.016,0.04,0.044,0.108,0.041,0.012,0.032
314,0.023,0.016,0.04,0.044,0.108,0.041,0.012,0.032
315,0.023,0.016,0.04,0.044,0.108,0.042,0.012,0.032
316,0.023,0.016,0.041,0.044,0.108,0.042,0.012,0.032
317,0.023,0.016,0.041,0.044,0.108,0.042,0.012,0.033
318,0.023,0.016,0.041,0.044,0.109,0.042,0.012,0.033
319,0.023,0.016,0.041,0.044,0.11,0.042,0.012,0.033
320,0.023,0.016,0.041,0.044,0.111,0.042,0.012,0.033
321,0.023,0.016,0.041,0.044,0.112,0.042,0.012,0.033
322,0.023,0.016,0.041,0.045,0.112,0.042,0.012,0.033
323,0.023,0.016,0.041,0.045,0.112,0.043,0.012,0.033
324,0.024,0.016,0.041,0.045,0.112,0.043,0.012,0.033
325,0.024,0.016,0.041,0.045,0.112,0.044,0.012,0.033
326,0.024,0.016,0.042,0.045,0.112,0.044,0.012,0.033
327,0.024,0.016,0.042,0.045,0.113,0.044,0.012,0.033
328,0.024,0.016,0.042,0.045,0.114,0.044,0.012,0.033
329,0.024,0.016,0.042,0.045,0.115,0.044,0.012,0.033
330,0.024,0.016,0.042,0.045,0.116,0.044,0.012,0.033
331,0.024,0.016,0.042,0.046,0.116,0.044,0.012,0.033
332,0.024,0.016,0.042,0.046,0.116,0.044,0.013,0.033
333,0.025,0.016,0.042,0.046,0.116,0.044,0.013,0.033
334,0.025,0.016,0.042,0.046,0.116,0.045,0.013,0.033
335,0.025,0.016,0.043,0.046,0.116,0.045,0.013,0.033
336,0.025,0.016,0.043,0.046,0.116,0.045,0.013,0.034
337,0.025,0.016,0.043,0.046,0.117,0.045,0.013,0.034
338,0.025,0.016,0.043,0.046,0.118,0.045,0.013,0.034
339,0.025,0.016,0.043,0.046,0.119,0.045,0.013,0.034
340,0.025,0.016,0.043,0.046,0.12,0.045,0.013,0.034
341,0.025,0.016,0.043,0.046,0.121,0.045,0.013,0.034
342,0.025,0.016,0.043,0.046,0.122,0.045,0.013,0.034
343,0.025,0.016,0.043,0.046,0.123,0.045,0.013,0.034
344,0.025,0.016,0.043,0.047,0.123,0.045,0.013,0.034
345,0.026,0.016,0.043,0.047,0.123,0.045,0.013,0.034
346,0.026,0.017,0.043,0.047,0.123,0.045,0.013,0.034
347,0.026,0.017,0.043,0.047,0.124,0.045,0.013,0.034
348,0.026,0.017,0.043,0.047,0.125,0.045,0.013,0.034
349,0.026,0.017,0.043,0.047,0.126,0.045,0.013,0.034
350,0.026,0.017,0.043,0.048,0.126,0.045,0.013,0.034
351,0.026,0.017,0.043,0.048,0.126,0.046,0.013,0.034
352,0.026,0.017,0.044,0.048,0.126,0.046,0.013,0.034
353,0.026,0.017,0.044,0.048,0.126,0.046,0.013,0.035
354,0.026,0.017,0.044,0.048,0.127,0.046,0.013,0.035
355,0.026,0.017,0.044,0.048,0.128,0.046,0.013,0.035
356,0.026,0.017,0.044,0.049,0.128,0.046,0.013,0.035
357,0.027,0.017,0.044,0.049,0.128,0.046,0.013,0.035
358,0.027,0.017,0.044,0.049,0.128,0.047,0.013,0.035
359,0.027,0.017,0.045,0.049,0.128,0.047,0.013,0.035
360,0.027,0.017,0.045,0.049,0.128,0.047,0.013,0.036
361,0.027,0.017,0.045,0.049,0.129,0.047,0.013,0.036
362,0.027,0.017,0.045,0.049,0.13,0.047,0.013,0.036
363,0.027,0.017,0.045,0.05,0.13,0.047,0.013,0.036
364,0.027,0.017,0.045,0.05,0.13,0.048,0.013,0.036
365,0.027,0.017,0.046,0.05,0.13,0.048,0.013,0.036
366,0.027,0.017,0.046,0.05,0.13,0.048,0.013,0.037
367,0.027,0.017,0.046,0.05,0.131,0.048,0.013,0.037
368,0.027,0.017,0.046,0.05,0.132,0.048,0.013,0.037
369,0.027,0.017,0.046,0.05,0.133,0.048,0.013,0.037
370,0.027,0.017,0.046,0.051,0.133,0.048,0.013,0.037
371,0.027,0.017,0.046,0.051,0.133,0.049,0.013,0.037
372,0.027,0.017,0.047,0.051,0.133,0.049,0.013,0.037
373,0.027,0.017,0.047,0.051,0.134,0.049,0.013,0.037
374,0.027,0.017,0.047,0.052,0.134,0.049,0.013,0.037
375,0.027,0.017,0.047,0.052,0.134,0.05,0.013,0.037
376,0.027,0.017,0.048,0.052,0.134,0.05,0.013,0.037
377,0.027,0.017,0.048,0.052,0.134,0.05,0.013,0.038
378,0.027,0.018,0.048,0.052,0.134,0.05,0.013,0.038
379,0.027,0.018,0.048,0.052,0.135,0.05,0.013,0.038
380,0.027,0.018,0.048,0.053,0.135,0.05,0.013,0.038
381,0.027,0.018,0.048,0.053,0.135,0.051,0.013,0.038
382,0.027,0.018,0.049,0.053,0.135,0.051,0.013,0.038
383,0.027,0.018,0.049,0.053,0.135,0.051,0.013,0.039
384,0.027,0.018,0.049,0.053,0.136,0.051,0.013,0.039
385,0.027,0.018,0.049,0.053,0.137,0.051,0.013,0.039
386,0.027,0.018,0.049,0.053,0.138,0.051,0.013,0.039
387,0.027,0.018,0.049,0.053,0.139,0.051,0.013,0.039
388,0.027,0.018,0.049,0.054,0.139,0.051,0.013,0.039
389,0.028,0.018,0.049,0.054,0.139,0.051,0.013,0.039
390,0.028,0.018,0.049,0.054,0.139,0.052,0.013,0.039
391,0.028,0.018,0.05,0.054,0.139,0.052,0.013,0.039
392,0.028,0.018,0.05,0.054,0.14,0.052,0.013,0.039
393,0.028,0.018,0.05,0.055,0.14,0.052,0.013,0.039
394,0.028,0.018,0.05,0.055,0.14,0.053,0.013,0.039
395,0.028,0.018,0.051,0.055,0.14,0.053,0.013,0.039
396,0.028,0.018,0.051,0.055,0.14,0.053,0.013,0.04
397,0.028,0.018,0.051,0.055,0.141,0.053,0.013,0.04
398,0.028,0.018,0.051,0.055,0.142,0.053,0.013,0.04
399,0.028,0.018,0.051,0.055,0.143,0.053,0.013,0.04
400,0.028,0.018,0.051,0.056,0.143,0.053,0.013,0.04
401,0.028,0.018,0.051,0.056,0.143,0.053,0.014,0.04
402,0.029,0.018,0.051,0.056,0.143,0.053,0.014,0.04
403,0.029,0.018,0.051,0.056,0.143,0.054,0.014,0.04
404,0.029,0.018,0.052,0.056,0.143,0.054,0.014,0.04
405,0.029,0.018,0.052,0.056,0.144,0.054,0.014,0.04
406,0.029,0.018,0.052,0.056,0.145,0.054,0.014,0.04
407,0.029,0.018,0.052,0.057,0.145,0.054,0.014,0.04
408,0.029,0.018,0.052,0.057,0.145,0.054,0.015,0.04
409,0.029,0.018,0.052,0.057,0.145,0.055,0.015,0.04
410,0.029,0.018,0.053,0.057,0.145,0.055,0.015,0.04
411,0.029,0.018,0.053,0.057,0.145,0.055,0.015,0.041
412,0.029,0.018,0.053,0.057,0.146,0.055,0.015,0.041
413,0.029,0.018,0.053,0.058,0.146,0.055,0.015,0.041
414,0.029,0.018,0.053,0.058,0.146,0.055,0.016,0.041
415,0.03,0.018,0.053,0.058,0.146,0.055,0.016,0.041
416,0.03,0.018,0.053,0.058,0.146,0.056,0.016,0.041
417,0.03,0.018,0.054,0.058,0.146,0.056,0.016,0.041
418,0.03,0.018,0.054,0.058,0.147,0.056,0.016,0.041
419,0.03,0.018,0.054,0.058,0.148,0.056,0.016,0.041
420,0.03,0.018,0.054,0.058,0.149,0.056,0.016,0.041
421,0.03,0.018,0.054,0.058,0.15,0.056,0.016,0.041
422,0.03,0.018,0.054,0.058,0.151,0.056,0.016,0.041
423,0.03,0.018,0.054,0.059,0.151,0.056,0.016,0.041
424,0.03,0.018,0.054,0.059,0.151,0.056,0.017,0.041
425,0.031,0.018,0.054,0.059,0.151,0.056,0.017,0.041
426,0.031,0.018,0.054,0.059,0.151,0.057,0.017,0.041
427,0.031,0.018,0.055,0.059,0.151,0.057,0.017,0.041
428,0.031,0.018,0.055,0.059,0.152,0.057,0.017,0.041
429,0.031,0.018,0.055,0.059,0.153,0.057,0.017,0.041
430,0.031,0.018,0.055,0.059,0.154,0.057,0.017,0.041
431,0.031,0.018,0.055,0.059,0.155,0.057,0.017,0.041
432,0.031,0.018,0.055,0.06,0.155,0.057,0.017,0.041
433,0.031,0.018,0.055,0.06,0.155,0.058,0.017,0.041
434,0.031,0.018,0.056,0.06,0.155,0.058,0.017,0.041
435,0.031,0.018,0.056,0.06,0.155,0.058,0.017,0.042
436,0.031,0.018,0.056,0.06,0.155,0.058,0.017,0.043
437,0.031,0.018,0.056,0.06,0.156,0.058,0.017,0.043
438,0.031,0.018,0.056,0.06,0.157,0.058,0.017,0.043
439,0.031,0.018,0.056,0.061,0.157,0.058,0.017,0.043
440,0.031,0.018,0.056,0.061,0.157,0.059,0.017,0.043
441,0.032,0.018,0.056,0.061,0.157,0.059,0.017,0.043
442,0.032,0.019,0.056,0.061,0.157,0.059,0.017,0.043
443,0.032,0.019,0.056,0.061,0.158,0.059,0.017,0.043
444,0.032,0.019,0.056,0.061,0.159,0.059,0.017,0.043
445,0.032,0.019,0.056,0.061,0.16,0.059,0.017,0.043
446,0.032,0.019,0.056,0.061,0.161,0.059,0.017,0.043
447,0.032,0.019,0.056,0.061,0.162,0.059,0.017,0.043
448,0.032,0.019,0.056,0.062,0.162,0.059,0.017,0.043
449,0.032,0.019,0.056,0.062,0.162,0.06,0.017,0.043
450,0.032,0.019,0.057,0.062,0.162,0.06,0.017,0.043
451,0.032,0.019,0.057,0.062,0.163,0.06,0.017,0.043
452,0.032,0.019,0.057,0.063,0.163,0.06,0.017,0.043
453,0.032,0.019,0.057,0.063,0.163,0.061,0.017,0.043
454,0.032,0.019,0.058,0.063,0.163,0.061,0.017,0.043
455,0.032,0.019,0.058,0.063,0.163,0.061,0.017,0.044
456,0.032,0.019,0.058,0.063,0.163,0.061,0.017,0.045
457,0.032,0.019,0.058,0.063,0.164,0.061,0.017,0.045
458,0.032,0.019,0.058,0.063,0.165,0.061,0.017,0.045
459,0.032,0.019,0.058,0.063,0.166,0.061,0.017,0.045
460,0.032,0.019,0.058,0.063,0.167,0.061,0.017,0.045
461,0.032,0.019,0.058,0.063,0.168,0.061,0.017,0.045
462,0.032,0.019,0.058,0.064,0.168,0.061,0.017,0.045
463,0.033,0.019,0.058,0.064,0.168,0.061,0.017,0.045
464,0.033,0.02,0.058,0.064,0.168,0.061,0.017,0.045
465,0.033,0.02,0.058,0.064,0.169,0.061,0.017,0.045
466,0.033,0.02,0.058,0.064,0.17,0.061,0.017,0.045
467,0.033,0.02,0.058,0.065,0.17,0.061,0.017,0.045
468,0.034,0.02,0.058,0.065,0.17,0.061,0.017,0.045
469,0.034,0.02,0.058,0.065,0.17,0.062,0.017,0.045
470,0.034,0.02,0.059,0.065,0.17,0.062,0.017,0.045
471,0.034,0.02,0.059,0.065,0.171,0.062,0.017,0.045
472,0.034,0.02,0.059,0.066,0.171,0.062,0.017,0.045
473,0.034,0.02,0.059,0.066,0.171,0.063,0.017,0.045
474,0.035,0.02,0.059,0.066,0.171,0.063,0.017,0.045
475,0.035,0.02,0.059,0.066,0.171,0.064,0.017,0.045
476,0.035,0.02,0.06,0.066,0.171,0.064,0.017,0.045
477,0.035,0.02,0.06,0.066,0.171,0.064,0.017,0.046
478,0.035,0.021,0.06,0.066,0.171,0.064,0.017,0.046
479,0.035,0.021,0.06,0.066,0.171,0.064,0.017,0.047
480,0.035,0.022,0.06,0.066,0.171,0.064,0.017,0.047
481,0.035,0.022,0.06,0.066,0.172,0.064,0.017,0.047
482,0.035,0.022,0.06,0.066,0.173,0.064,0.017,0.047
483,0.035,0.022,0.06,0.066,0.174,0.064,0.017,0.047
484,0.035,0.022,0.06,0.066,0.175,0.064,0.017,0.047
485,0.035,0.022,0.06,0.066,0.176,0.064,0.017,0.047
486,0.035,0.022,0.06,0.066,0.177,0.064,0.017,0.047
487,0.035,0.022,0.06,0.066,0.178,0.064,0.017,0.047
488,0.035,0.022,0.06,0.066,0.179,0.064,0.017,0.047
489,0.035,0.022,0.06,0.067,0.179,0.064,0.017,0.047
490,0.035,0.022,0.06,0.067,0.179,0.065,0.017,0.047
491,0.035,0.022,0.061,0.067,0.179,0.065,0.017,0.047
492,0.035,0.022,0.061,0.067,0.18,0.065,0.017,0.047
493,0.035,0.022,0.061,0.068,0.18,0.065,0.017,0.047
494,0.036,0.022,0.061,0.068,0.18,0.065,0.017,0.047
495,0.036,0.022,0.061,0.068,0.18,0.066,0.017,0.047
496,0.036,0.022,0.062,0.068,0.18,0.066,0.017,0.047
497,0.036,0.022,0.062,0.068,0.181,0.066,0.017,0.047
498,0.036,0.022,0.062,0.068,0.182,0.066,0.017,0.047
499,0.036,0.022,0.062,0.068,0.183,0.066,0.017,0.047
500,0.036,0.022,0.062,0.068,0.184,0.066,0.017,0.047
501,0.036,0.022,0.062,0.068,0.185,0.066,0.017,0.047
502,0.036,0.022,0.062,0.068,0.186,0.066,0.017,0.047
503,0.036,0.022,0.062,0.068,0.187,0.066,0.017,0.047
504,0.036,0.022,0.062,0.069,0.187,0.066,0.017,0.047
505,0.036,0.022,0.062,0.069,0.187,0.066,0.018,0.047
506,0.037,0.022,0.062,0.069,0.187,0.066,0.018,0.047
507,0.037,0.022,0.062,0.069,0.187,0.067,0.018,0.047
508,0.037,0.022,0.063,0.069,0.187,0.067,0.018,0.047
509,0.037,0.022,0.063,0.069,0.188,0.067,0.018,0.047
510,0.037,0.022,0.063,0.069,0.189,0.067,0.018,0.047
511,0.037,0.022,0.063,0.069,0.19,0.067,0.018,0.047
512,0.037,0.022,0.063,0.07,0.19,0.067,0.018,0.047
513,0.037,0.022,0.063,0.07,0.19,0.068,0.018,0.047
514,0.037,0.022,0.064,0.07,0.19,0.068,0.018,0.047
515,0.037,0.022,0.064,0.07,0.191,0.068,0.018,0.047
516,0.037,0.022,0.064,0.07,0.192,0.068,0.018,0.047
517,0.037,0.022,0.064,0.07,0.193,0.068,0.018,0.047
518,0.037,0.022,0.064,0.07,0.194,0.068,0.018,0.047
519,0.037,0.022,0.064,0.07,0.195,0.068,0.018,0.047
520,0.037,0.022,0.064,0.07,0.196,0.068,0.018,0.047
521,0.037,0.022,0.064,0.071,0.196,0.068,0.018,0.047
522,0.037,0.022,0.064,0.071,0.196,0.068,0.019,0.047
523,0.038,0.022,0.064,0.071,0.196,0.068,0.019,0.047
524,0.038,0.022,0.064,0.071,0.196,0.069,0.019,0.047
525,0.038,0.022,0.065,0.071,0.196,0.069,0.019,0.047
526,0.038,0.022,0.065,0.071,0.197,0.069,0.019,0.047
527,0.038,0.022,0.065,0.072,0.197,0.069,0.019,0.047
528,0.038,0.022,0.065,0.072,0.197,0.07,0.019,0.047
529,0.038,0.022,0.066,0.072,0.197,0.07,0.019,0.047
530,0.038,0.022,0.066,0.072,0.198,0.07,0.019,0.047
531,0.038,0.022,0.066,0.072,0.199,0.07,0.019,0.047
532,0.038,0.022,0.066,0.073,0.199,0.07,0.019,0.047
533,0.039,0.022,0.066,0.073,0.199,0.07,0.019,0.047
534,0.039,0.022,0.066,0.073,0.199,0.071,0.019,0.047
535,0.039,0.022,0.067,0.073,0.199,0.071,0.019,0.047
536,0.039,0.022,0.067,0.073,0.2,0.071,0.019,0.047
537,0.039,0.022,0.067,0.074,0.2,0.071,0.019,0.047
538,0.039,0.022,0.067,0.074,0.2,0.072,0.019,0.047
539,0.039,0.022,0.068,0.074,0.2,0.072,0.019,0.047
540,0.039,0.022,0.068,0.074,0.201,0.072,0.019,0.047
541,0.039,0.022,0.068,0.075,0.201,0.072,0.019,0.047
542,0.039,0.022,0.068,0.075,0.201,0.073,0.019,0.047
543,0.039,0.022,0.069,0.075,0.201,0.073,0.019,0.047
544,0.039,0.022,0.069,0.075,0.201,0.073,0.019,0.048
545,0.039,0.022,0.069,0.075,0.202,0.073,0.019,0.048
546,0.039,0.022,0.069,0.076,0.202,0.073,0.019,0.048
547,0.04,0.022,0.069,0.076,0.202,0.073,0.019,0.048
548,0.04,0.023,0.069,0.076,0.202,0.073,0.019,0.048
549,0.04,0.023,0.069,0.076,0.203,0.073,0.019,0.048
550,0.04,0.023,0.069,0.076,0.204,0.073,0.019,0.048
551,0.04,0.023,0.069,0.077,0.204,0.073,0.019,0.048
552,0.04,0.023,0.069,0.077,0.204,0.074,0.019,0.048
553,0.04,0.023,0.07,0.077,0.204,0.074,0.019,0.048
554,0.04,0.023,0.07,0.077,0.205,0.074,0.019,0.048
555,0.04,0.023,0.07,0.077,0.206,0.074,0.019,0.048
556,0.04,0.023,0.07,0.077,0.207,0.074,0.019,0.048
557,0.04,0.023,0.07,0.078,0.207,0.074,0.019,0.048
558,0.04,0.023,0.07,0.078,0.207,0.074,0.02,0.048
559,0.041,0.023,0.07,0.078,0.207,0.074,0.02,0.048
560,0.041,0.024,0.07,0.078,0.207,0.074,0.02,0.048
561,0.041,0.024,0.07,0.078,0.207,0.074,0.02,0.049
562,0.041,0.025,0.07,0.078,0.207,0.074,0.02,0.049
563,0.041,0.025,0.07,0.078,0.208,0.074,0.02,0.049
564,0.041,0.025,0.07,0.078,0.209,0.074,0.02,0.049
565,0.041,0.025,0.07,0.079,0.209,0.074,0.02,0.049
566,0.041,0.025,0.07,0.079,0.209,0.075,0.02,0.049
567,0.041,0.025,0.071,0.079,0.209,0.075,0.02,0.049
568,0.041,0.025,0.071,0.079,0.209,0.075,0.02,0.05
569,0.041,0.025,0.071,0.079,0.21,0.075,0.02,0.05
570,0.041,0.025,0.071,0.079,0.211,0.075,0.02,0.05
571,0.041,0.025,0.071,0.079,0.212,0.075,0.02,0.05
572,0.041,0.025,0.071,0.08,0.212,0.075,0.02,0.05
573,0.042,0.025,0.071,0.08,0.212,0.075,0.02,0.05
574,0.042,0.025,0.071,0.08,0.212,0.076,0.02,0.05
575,0.043,0.025,0.071,0.08,0.212,0.076,0.02,0.05
576,0.043,0.026,0.071,0.08,0.212,0.076,0.02,0.05
577,0.043,0.026,0.071,0.08,0.212,0.076,0.02,0.051
578,0.043,0.027,0.071,0.08,0.212,0.076,0.02,0.051
579,0.043,0.027,0.071,0.08,0.212,0.076,0.02,0.052
580,0.043,0.027,0.071,0.08,0.213,0.076,0.02,0.052
581,0.043,0.027,0.071,0.08,0.214,0.076,0.02,0.052
582,0.043,0.027,0.071,0.08,0.215,0.076,0.02,0.052
583,0.043,0.027,0.071,0.08,0.216,0.076,0.02,0.052
584,0.043,0.027,0.071,0.081,0.216,0.076,0.02,0.052
585,0.043,0.027,0.071,0.081,0.216,0.077,0.02,0.052
586,0.043,0.027,0.072,0.081,0.216,0.077,0.02,0.052
587,0.043,0.027,0.072,0.081,0.216,0.077,0.02,0.053
588,0.043,0.027,0.072,0.081,0.217,0.077,0.02,0.053
589,0.043,0.027,0.072,0.082,0.217,0.077,0.02,0.053
590,0.043,0.027,0.072,0.082,0.217,0.078,0.02,0.053
591,0.043,0.027,0.073,0.082,0.217,0.078,0.02,0.053
592,0.043,0.027,0.073,0.082,0.218,0.078,0.02,0.053
593,0.043,0.027,0.073,0.082,0.219,0.078,0.02,0.053
594,0.043,0.027,0.073,0.083,0.219,0.078,0.02,0.053
595,0.044,0.027,0.073,0.083,0.219,0.078,0.02,0.053
596,0.044,0.027,0.073,0.083,0.219,0.079,0.02,0.053
597,0.044,0.027,0.074,0.083,0.219,0.079,0.02,0.053
598,0.044,0.027,0.074,0.083,0.22,0.079,0.02,0.053
599,0.044,0.027,0.074,0.083,0.221,0.079,0.02,0.053
600,0.044,0.027,0.074,0.084,0.221,0.079,0.02,0.053
601,0.044,0.027,0.074,0.084,0.221,0.08,0.02,0.053
602,0.044,0.027,0.075,0.084,0.221,0.08,0.02,0.053
603,0.044,0.027,0.075,0.084,0.221,0.08,0.02,0.054
604,0.044,0.028,0.075,0.084,0.221,0.08,0.02,0.054
605,0.044,0.028,0.075,0.084,0.221,0.08,0.02,0.055
606,0.044,0.028,0.075,0.084,0.222,0.08,0.02,0.055
607,0.044,0.028,0.075,0.084,0.223,0.08,0.02,0.055
608,0.044,0.028,0.075,0.084,0.224,0.08,0.02,0.055
609,0.044,0.028,0.075,0.084,0.225,0.08,0.02,0.055
610,0.044,0.028,0.075,0.084,0.226,0.08,0.02,0.055
611,0.044,0.028,0.075,0.085,0.226,0.08,0.02,0.055
612,0.044,0.028,0.075,0.085,0.226,0.081,0.02,0.055
613,0.045,0.028,0.075,0.085,0.226,0.081,0.02,0.055
614,0.045,0.029,0.075,0.085,0.226,0.081,0.02,0.055
615,0.045,0.029,0.075,0.085,0.226,0.081,0.02,0.056
616,0.045,0.029,0.075,0.085,0.227,0.081,0.02,0.056
617,0.045,0.029,0.075,0.085,0.228,0.081,0.02,0.056
618,0.045,0.029,0.075,0.085,0.229,0.081,0.02,0.056
619,0.045,0.029,0.075,0.085,0.23,0.081,0.02,0.056
620,0.045,0.029,0.075,0.086,0.23,0.081,0.02,0.056
621,0.045,0.029,0.075,0.086,0.23,0.082,0.02,0.056
622,0.045,0.029,0.076,0.086,0.23,0.082,0.02,0.056
623,0.045,0.029,0.076,0.086,0.231,0.082,0.02,0.056
624,0.045,0.029,0.076,0.086,0.232,0.082,0.02,0.056
625,0.045,0.029,0.076,0.086,0.233,0.082,0.02,0.056
626,0.045,0.029,0.076,0.086,0.234,0.082,0.02,0.056
627,0.045,0.029,0.076,0.087,0.234,0.082,0.02,0.056
628,0.045,0.029,0.076,0.087,0.234,0.083,0.02,0.056
629,0.045,0.029,0.077,0.087,0.234,0.083,0.02,0.056
630,0.045,0.029,0.077,0.087,0.235,0.083,0.02,0.056
631,0.045,0.029,0.077,0.088,0.235,0.083,0.02,0.056
632,0.045,0.029,0.077,0.088,0.235,0.084,0.02,0.056
633,0.046,0.029,0.077,0.088,0.235,0.084,0.02,0.056
634,0.046,0.03,0.077,0.088,0.235,0.084,0.02,0.056
635,0.046,0.03,0.077,0.088,0.235,0.084,0.02,0.057
636,0.046,0.03,0.077,0.088,0.236,0.084,0.02,0.057
637,0.046,0.03,0.077,0.089,0.236,0.084,0.02,0.057
638,0.046,0.03,0.077,0.089,0.236,0.085,0.02,0.057
639,0.046,0.03,0.078,0.089,0.236,0.085,0.02,0.057
640,0.046,0.03,0.078,0.089,0.237,0.085,0.02,0.057
641,0.046,0.03,0.078,0.089,0.238,0.085,0.02,0.057
642,0.046,0.03,0.078,0.09,0.238,0.085,0.02,0.057
643,0.046,0.03,0.078,0.09,0.238,0.086,0.02,0.057
644,0.046,0.03,0.079,0.09,0.238,0.086,0.02,0.057
645,0.046,0.03,0.079,0.09,0.238,0.086,0.02,0.058
646,0.046,0.03,0.079,0.09,0.239,0.086,0.02,0.058
647,0.046,0.03,0.079,0.09,0.24,0.086,0.02,0.058
648,0.046,0.03,0.079,0.09,0.241,0.086,0.02,0.058
649,0.046,0.03,0.079,0.09,0.242,0.086,0.02,0.058
650,0.046,0.03,0.079,0.09,0.243,0.086,0.02,0.058
651,0.046,0.03,0.079,0.09,0.244,0.086,0.02,0.058
652,0.046,0.03,0.079,0.09,0.245,0.086,0.02,0.058
653,0.046,0.03,0.079,0.091,0.245,0.086,0.02,0.058
654,0.046,0.03,0.079,0.091,0.245,0.087,0.02,0.058
655,0.046,0.03,0.08,0.091,0.245,0.087,0.02,0.058
656,0.046,0.03,0.08,0.091,0.246,0.087,0.02,0.058
657,0.046,0.03,0.08,0.092,0.246,0.087,0.02,0.058
658,0.046,0.03,0.08,0.092,0.246,0.087,0.021,0.058
659,0.047,0.03,0.08,0.092,0.246,0.087,0.021,0.058
660,0.047,0.03,0.08,0.092,0.246,0.088,0.021,0.058
661,0.047,0.03,0.081,0.092,0.246,0.088,0.021,0.058
662,0.047,0.03,0.081,0.092,0.247,0.088,0.021,0.058
663,0.047,0.03,0.081,0.093,0.247,0.088,0.021,0.058
664,0.047,0.03,0.081,0.093,0.247,0.089,0.021,0.058
665,0.047,0.03,0.082,0.093,0.247,0.089,0.021,0.058
666,0.047,0.03,0.082,0.093,0.247,0.089,0.021,0.059
667,0.047,0.03,0.082,0.093,0.248,0.089,0.021,0.059
668,0.047,0.03,0.082,0.093,0.249,0.089,0.021,0.059
669,0.047,0.03,0.082,0.094,0.249,0.089,0.021,0.059
670,0.047,0.03,0.082,0.094,0.249,0.09,0.021,0.059
671,0.047,0.03,0.083,0.094,0.249,0.09,0.021,0.059
672,0.047,0.03,0.083,0.094,0.25,0.09,0.021,0.059
673,0.047,0.03,0.083,0.094,0.251,0.09,0.021,0.059
674,0.047,0.03,0.083,0.095,0.251,0.09,0.021,0.059
675,0.047,0.03,0.083,0.095,0.251,0.091,0.021,0.059
676,0.047,0.03,0.084,0.095,0.251,0.091,0.021,0.059
677,0.047,0.03,0.084,0.095,0.251,0.091,0.021,0.06
678,0.047,0.03,0.084,0.095,0.252,0.091,0.021,0.06
679,0.047,0.03,0.084,0.096,0.252,0.091,0.021,0.06
680,0.047,0.03,0.084,0.096,0.252,0.092,0.021,0.06
681,0.047,0.03,0.085,0.096,0.252,0.092,0.021,0.06
682,0.047,0.03,0.085,0.096,0.253,0.092,0.021,0.06
683,0.047,0.03,0.085,0.096,0.254,0.092,0.021,0.06
684,0.047,0.03,0.085,0.097,0.254,0.092,0.021,0.06
685,0.048,0.03,0.085,0.097,0.254,0.092,0.021,0.06
686,0.048,0.031,0.085,0.097,0.254,0.092,0.021,0.06
687,0.048,0.031,0.085,0.097,0.255,0.092,0.021,0.06
688,0.048,0.031,0.085,0.098,0.255,0.092,0.021,0.06
689,0.048,0.031,0.085,0.098,0.255,0.092,0.022,0.06
690,0.049,0.031,0.085,0.098,0.255,0.092,0.022,0.06
691,0.049,0.031,0.085,0.098,0.255,0.093,0.022,0.06
692,0.049,0.031,0.086,0.098,0.255,0.093,0.022,0.06
693,0.049,0.031,0.086,0.098,0.256,0.093,0.022,0.06
694,0.049,0.031,0.086,0.098,0.257,0.093,0.022,0.06
695,0.049,0.031,0.086,0.098,0.258,0.093,0.022,0.06
696,0.049,0.031,0.086,0.098,0.259,0.093,0.022,0.06
697,0.049,0.031,0.086,0.099,0.259,0.093,0.022,0.06
698,0.049,0.031,0.086,0.099,0.259,0.094,0.022,0.06
699,0.049,0.031,0.087,0.099,0.259,0.094,0.022,0.06
700,0.049,0.031,0.087,0.099,0.26,0.094,0.022,0.06
701,0.049,0.031,0.087,0.099,0.261,0.094,0.022,0.06
702,0.049,0.031,0.087,0.099,0.262,0.094,0.022,0.06
703,0.049,0.031,0.087,0.1,0.262,0.094,0.022,0.06
704,0.049,0.031,0.087,0.1,0.262,0.095,0.022,0.06
705,0.05,0.031,0.087,0.1,0.262,0.095,0.022,0.06
706,0.05,0.032,0.087,0.1,0.262,0.095,0.022,0.06
707,0.05,0.032,0.087,0.1,0.262,0.095,0.022,0.061
708,0.05,0.032,0.087,0.1,0.263,0.095,0.022,0.061
709,0.05,0.032,0.087,0.1,0.264,0.095,0.022,0.061
710,0.05,0.032,0.087,0.1,0.265,0.095,0.022,0.061
711,0.05,0.032,0.087,0.1,0.266,0.095,0.022,0.061
712,0.05,0.032,0.087,0.101,0.266,0.095,0.022,0.061
713,0.05,0.032,0.087,0.101,0.266,0.096,0.022,0.061
714,0.05,0.032,0.088,0.101,0.266,0.096,0.022,0.061
715,0.05,0.032,0.088,0.101,0.267,0.096,0.022,0.061
716,0.05,0.032,0.088,0.101,0.268,0.096,0.022,0.061
717,0.05,0.032,0.088,0.101,0.269,0.096,0.022,0.061
718,0.05,0.032,0.088,0.102,0.269,0.096,0.022,0.061
719,0.05,0.032,0.088,0.102,0.269,0.097,0.022,0.061
720,0.05,0.032,0.089,0.102,0.269,0.097,0.022,0.061
721,0.05,0.032,0.089,0.102,0.269,0.097,0.022,0.062
722,0.05,0.032,0.089,0.102,0.269,0.097,0.022,0.063
723,0.05,0.032,0.089,0.102,0.27,0.097,0.022,0.063
724,0.05,0.032,0.089,0.103,0.27,0.097,0.022,0.063
725,0.05,0.032,0.089,0.103,0.27,0.098,0.022,0.063
726,0.051,0.032,0.089,0.103,0.27,0.098,0.022,0.063
727,0.051,0.032,0.089,0.103,0.27,0.099,0.022,0.063
728,0.051,0.032,0.09,0.103,0.27,0.099,0.022,0.063
729,0.051,0.032,0.09,0.103,0.27,0.099,0.022,0.064
730,0.051,0.033,0.09,0.103,0.27,0.099,0.022,0.064
731,0.051,0.033,0.09,0.103,0.271,0.099,0.022,0.064
732,0.051,0.033,0.09,0.103,0.272,0.099,0.022,0.064
733,0.051,0.033,0.09,0.103,0.273,0.099,0.022,0.064
734,0.051,0.033,0.09,0.104,0.273,0.099,0.022,0.064
735,0.052,0.033,0.09,0.104,0.273,0.099,0.022,0.064
736,0.052,0.033,0.09,0.104,0.273,0.1,0.022,0.064
737,0.052,0.033,0.091,0.104,0.273,0.1,0.022,0.064
738,0.052,0.033,0.091,0.104,0.274,0.1,0.022,0.064
739,0.052,0.033,0.091,0.105,0.274,0.1,0.022,0.064
740,0.052,0.033,0.091,0.105,0.274,0.101,0.022,0.064
741,0.052,0.033,0.092,0.105,0.274,0.101,0.022,0.064
742,0.052,0.033,0.092,0.105,0.275,0.101,0.022,0.064
743,0.052,0.033,0.092,0.106,0.275,0.101,0.022,0.064
744,0.052,0.033,0.092,0.106,0.275,0.101,0.023,0.064
745,0.052,0.033,0.092,0.106,0.275,0.102,0.023,0.064
746,0.052,0.033,0.093,0.106,0.275,0.102,0.023,0.064
747,0.052,0.033,0.093,0.106,0.275,0.102,0.023,0.065
748,0.052,0.033,0.093,0.106,0.276,0.102,0.023,0.065
749,0.052,0.033,0.093,0.106,0.277,0.102,0.023,0.065
750,0.052,0.033,0.093,0.106,0.278,0.102,0.023,0.065
751,0.052,0.033,0.093,0.106,0.279,0.102,0.023,0.065
752,0.052,0.033,0.093,0.107,0.279,0.102,0.023,0.065
753,0.052,0.033,0.093,0.107,0.279,0.103,0.023,0.065
754,0.052,0.033,0.094,0.107,0.279,0.103,0.023,0.065
755,0.052,0.033,0.094,0.107,0.279,0.103,0.023,0.066
756,0.052,0.033,0.094,0.107,0.28,0.103,0.023,0.066
757,0.052,0.033,0.094,0.107,0.281,0.103,0.023,0.066
758,0.052,0.033,0.094,0.108,0.281,0.103,0.023,0.066
759,0.052,0.033,0.094,0.108,0.281,0.104,0.023,0.066
760,0.052,0.033,0.095,0.108,0.281,0.104,0.023,0.066
761,0.052,0.033,0.095,0.108,0.282,0.104,0.023,0.066
762,0.052,0.033,0.095,0.108,0.283,0.104,0.023,0.066
763,0.052,0.033,0.095,0.109,0.283,0.104,0.023,0.066
764,0.052,0.033,0.095,0.109,0.283,0.105,0.023,0.066
765,0.053,0.033,0.095,0.109,0.283,0.105,0.023,0.066
766,0.053,0.033,0.095,0.109,0.283,0.106,0.023,0.066
767,0.053,0.033,0.096,0.109,0.283,0.106,0.023,0.066
768,0.053,0.033,0.096,0.109,0.284,0.106,0.023,0.066
769,0.053,0.033,0.096,0.109,0.285,0.106,0.023,0.066
770,0.053,0.033,0.096,0.11,0.285,0.106,0.023,0.066
771,0.053,0.033,0.096,0.11,0.285,0.107,0.023,0.066
772,0.053,0.033,0.097,0.11,0.285,0.107,0.023,0.066
773,0.053,0.033,0.097,0.11,0.286,0.107,0.023,0.066
774,0.053,0.033,0.097,0.11,0.287,0.107,0.023,0.066
775,0.053,0.033,0.097,0.11,0.288,0.107,0.023,0.066
776,0.053,0.033,0.097,0.11,0.289,0.107,0.023,0.066
777,0.053,0.033,0.097,0.11,0.29,0.107,0.023,0.066
778,0.053,0.033,0.097,0.11,0.291,0.107,0.023,0.066
779,0.053,0.033,0.097,0.111,0.291,0.107,0.023,0.066
780,0.053,0.033,0.097,0.111,0.291,0.108,0.023,0.066
781,0.053,0.033,0.098,0.111,0.291,0.108,0.023,0.066
782,0.053,0.033,0.098,0.111,0.292,0.108,0.023,0.066
783,0.053,0.033,0.098,0.111,0.293,0.108,0.023,0.066
784,0.053,0.033,0.098,0.111,0.294,0.108,0.023,0.066
785,0.053,0.033,0.098,0.111,0.295,0.108,0.023,0.066
786,0.053,0.033,0.098,0.111,0.296,0.108,0.023,0.066
787,0.053,0.033,0.098,0.111,0.297,0.108,0.023,0.066
788,0.053,0.033,0.098,0.111,0.298,0.108,0.023,0.066
789,0.053,0.033,0.098,0.112,0.298,0.108,0.023,0.066
790,0.053,0.033,0.098,0.112,0.298,0.109,0.023,0.066
791,0.053,0.033,0.099,0.112,0.298,0.109,0.023,0.066
792,0.053,0.033,0.099,0.112,0.298,0.109,0.023,0.067
793,0.053,0.034,0.099,0.112,0.298,0.109,0.023,0.067
794,0.053,0.034,0.099,0.112,0.298,0.109,0.023,0.068
795,0.053,0.034,0.099,0.112,0.299,0.109,0.023,0.068
796,0.053,0.034,0.099,0.112,0.3,0.109,0.023,0.068
797,0.053,0.034,0.099,0.112,0.301,0.109,0.023,0.068
798,0.053,0.034,0.099,0.113,0.301,0.109,0.023,0.068
799,0.053,0.034,0.099,0.113,0.301,0.109,0.024,0.068
800,0.054,0.034,0.099,0.113,0.301,0.109,0.024,0.068
801,0.054,0.035,0.099,0.113,0.301,0.109,0.024,0.068
802,0.054,0.035,0.099,0.113,0.301,0.109,0.024,0.069
803,0.054,0.035,0.099,0.113,0.302,0.109,0.024,0.069
804,0.054,0.035,0.099,0.113,0.303,0.109,0.024,0.069
805,0.054,0.035,0.099,0.114,0.303,0.109,0.024,0.069
806,0.054,0.035,0.099,0.114,0.303,0.109,0.025,0.069
807,0.055,0.035,0.099,0.114,0.303,0.109,0.025,0.069
808,0.055,0.035,0.099,0.114,0.303,0.11,0.025,0.069
809,0.055,0.035,0.1,0.114,0.303,0.11,0.025,0.069
810,0.055,0.035,0.1,0.114,0.304,0.11,0.025,0.069
811,0.055,0.035,0.1,0.114,0.305,0.11,0.025,0.069
812,0.055,0.035,0.1,0.114,0.306,0.11,0.025,0.069
813,0.055,0.035,0.1,0.115,0.306,0.11,0.025,0.069
814,0.056,0.035,0.1,0.115,0.306,0.11,0.025,0.069
815,0.056,0.035,0.1,0.115,0.306,0.111,0.025,0.069
816,0.056,0.035,0.101,0.115,0.306,0.111,0.025,0.069
817,0.056,0.035,0.101,0.115,0.307,0.111,0.025,0.069
818,0.056,0.035,0.101,0.116,0.307,0.111,0.025,0.069
819,0.056,0.035,0.101,0.116,0.307,0.112,0.025,0.069
820,0.056,0.035,0.102,0.116,0.307,0.112,0.025,0.069
821,0.056,0.035,0.102,0.116,0.308,0.112,0.025,0.069
822,0.056,0.035,0.102,0.117,0.308,0.112,0.025,0.069
823,0.056,0.035,0.102,0.117,0.308,0.112,0.026,0.069
824,0.056,0.035,0.102,0.117,0.308,0.113,0.026,0.069
825,0.056,0.035,0.103,0.117,0.308,0.113,0.026,0.069
826,0.056,0.035,0.103,0.117,0.309,0.113,0.026,0.069
827,0.056,0.035,0.103,0.117,0.31,0.113,0.026,0.069
828,0.056,0.035,0.103,0.117,0.311,0.113,0.026,0.069
829,0.056,0.035,0.103,0.118,0.311,0.113,0.026,0.069
830,0.057,0.035,0.103,0.118,0.311,0.113,0.026,0.069
831,0.057,0.036,0.103,0.118,0.311,0.113,0.026,0.069
832,0.057,0.036,0.103,0.118,0.312,0.113,0.026,0.069
833,0.057,0.036,0.103,0.118,0.313,0.113,0.026,0.069
834,0.057,0.036,0.103,0.119,0.313,0.113,0.026,0.069
835,0.057,0.036,0.103,0.119,0.313,0.113,0.027,0.069
836,0.058,0.036,0.103,0.119,0.313,0.113,0.027,0.069
837,0.058,0.036,0.103,0.119,0.313,0.114,0.027,0.069
838,0.059,0.036,0.103,0.119,0.313,0.114,0.027,0.069
839,0.059,0.037,0.103,0.119,0.313,0.114,0.027,0.069
840,0.059,0.037,0.103,0.119,0.313,0.114,0.027,0.07
841,0.059,0.037,0.103,0.119,0.314,0.114,0.027,0.07
842,0.059,0.037,0.103,0.119,0.315,0.114,0.027,0.07
843,0.059,0.037,0.103,0.119,0.316,0.114,0.027,0.07
844,0.059,0.037,0.103,0.119,0.317,0.114,0.027,0.07
845,0.059,0.037,0.103,0.119,0.318,0.114,0.027,0.07
846,0.059,0.037,0.103,0.12,0.318,0.114,0.027,0.07
847,0.06,0.037,0.103,0.12,0.318,0.114,0.027,0.07
848,0.06,0.038,0.103,0.12,0.318,0.114,0.027,0.07
849,0.06,0.038,0.103,0.12,0.318,0.114,0.027,0.071
850,0.06,0.039,0.103,0.12,0.318,0.114,0.027,0.071
851,0.06,0.039,0.103,0.12,0.318,0.114,0.027,0.072
852,0.06,0.039,0.103,0.12,0.318,0.114,0.027,0.073
853,0.06,0.039,0.103,0.12,0.319,0.114,0.027,0.073
854,0.06,0.039,0.103,0.12,0.32,0.114,0.027,0.073
855,0.06,0.039,0.103,0.121,0.32,0.114,0.027,0.073
856,0.06,0.039,0.103,0.121,0.32,0.115,0.027,0.073
857,0.06,0.039,0.104,0.121,0.32,0.115,0.027,0.073
858,0.06,0.039,0.104,0.121,0.32,0.115,0.027,0.074
859,0.06,0.039,0.104,0.121,0.321,0.115,0.027,0.074
860,0.06,0.039,0.104,0.121,0.322,0.115,0.027,0.074
861,0.06,0.039,0.104,0.121,0.323,0.115,0.027,0.074
862,0.06,0.039,0.104,0.121,0.324,0.115,0.027,0.074
863,0.06,0.039,0.104,0.121,0.325,0.115,0.027,0.074
864,0.06,0.039,0.104,0.122,0.325,0.115,0.027,0.074
865,0.06,0.039,0.104,0.122,0.325,0.116,0.027,0.074
866,0.06,0.039,0.105,0.122,0.325,0.116,0.027,0.074
867,0.06,0.039,0.105,0.122,0.325,0.116,0.027,0.075
868,0.06,0.039,0.105,0.122,0.326,0.116,0.027,0.075
869,0.06,0.039,0.105,0.122,0.327,0.116,0.027,0.075
870,0.06,0.039,0.105,0.122,0.328,0.116,0.027,0.075
871,0.06,0.039,0.105,0.122,0.329,0.116,0.027,0.075
872,0.06,0.039,0.105,0.123,0.329,0.116,0.027,0.075
873,0.06,0.039,0.105,0.123,0.329,0.116,0.028,0.075
874,0.061,0.039,0.105,0.123,0.329,0.116,0.028,0.075
875,0.061,0.039,0.105,0.123,0.329,0.117,0.028,0.075
876,0.061,0.039,0.106,0.123,0.329,0.117,0.028,0.075
877,0.061,0.039,0.106,0.123,0.329,0.117,0.028,0.076
878,0.061,0.039,0.106,0.123,0.33,0.117,0.028,0.076
879,0.061,0.039,0.106,0.123,0.331,0.117,0.028,0.076
880,0.061,0.039,0.106,0.123,0.332,0.117,0.028,0.076
881,0.061,0.039,0.106,0.123,0.333,0.117,0.028,0.076
882,0.061,0.039,0.106,0.123,0.334,0.117,0.028,0.076
883,0.061,0.039,0.106,0.123,0.335,0.117,0.028,0.076
884,0.061,0.039,0.106,0.123,0.336,0.117,0.028,0.076
885,0.061,0.039,0.106,0.123,0.337,0.117,0.028,0.076
886,0.061,0.039,0.106,0.124,0.337,0.117,0.028,0.076
887,0.062,0.039,0.106,0.124,0.337,0.117,0.028,0.076
888,0.062,0.04,0.106,0.124,0.337,0.117,0.028,0.076
889,0.062,0.04,0.106,0.124,0.338,0.117,0.028,0.076
890,0.062,0.04,0.106,0.125,0.338,0.117,0.028,0.076
891,0.062,0.04,0.106,0.125,0.338,0.118,0.028,0.076
892,0.063,0.04,0.106,0.125,0.338,0.118,0.028,0.076
893,0.063,0.04,0.106,0.125,0.338,0.119,0.028,0.076
894,0.063,0.04,0.107,0.125,0.338,0.119,0.028,0.076
895,0.063,0.04,0.107,0.125,0.338,0.119,0.028,0.077
896,0.063,0.041,0.107,0.125,0.338,0.119,0.028,0.077
897,0.063,0.041,0.107,0.125,0.339,0.119,0.028,0.077
898,0.063,0.041,0.107,0.125,0.34,0.119,0.028,0.077
899,0.063,0.041,0.107,0.126,0.34,0.119,0.028,0.077
900,0.063,0.041,0.107,0.126,0.34,0.12,0.028,0.077
901,0.063,0.041,0.108,0.126,0.34,0.12,0.028,0.077
902,0.063,0.041,0.108,0.126,0.34,0.12,0.028,0.078
903,0.063,0.041,0.108,0.126,0.341,0.12,0.028,0.078
904,0.063,0.041,0.108,0.126,0.342,0.12,0.028,0.078
905,0.063,0.041,0.108,0.126,0.343,0.12,0.028,0.078
906,0.063,0.041,0.108,0.127,0.343,0.12,0.028,0.078
907,0.063,0.041,0.108,0.127,0.343,0.121,0.028,0.078
908,0.063,0.041,0.109,0.127,0.343,0.121,0.028,0.078
909,0.063,0.041,0.109,0.127,0.344,0.121,0.028,0.078
910,0.063,0.041,0.109,0.128,0.344,0.121,0.028,0.078
911,0.063,0.041,0.109,0.128,0.344,0.122,0.028,0.078
912,0.063,0.041,0.11,0.128,0.344,0.122,0.028,0.078
913,0.063,0.041,0.11,0.128,0.344,0.122,0.028,0.079
914,0.063,0.041,0.11,0.128,0.345,0.122,0.028,0.079
915,0.063,0.041,0.11,0.129,0.345,0.122,0.028,0.079
916,0.063,0.041,0.11,0.129,0.345,0.123,0.028,0.079
917,0.063,0.041,0.111,0.129,0.345,0.123,0.028,0.079
918,0.063,0.041,0.111,0.129,0.346,0.123,0.028,0.079
919,0.063,0.041,0.111,0.129,0.347,0.123,0.028,0.079
920,0.063,0.041,0.111,0.129,0.348,0.123,0.028,0.079
921,0.063,0.041,0.111,0.13,0.348,0.123,0.028,0.079
922,0.063,0.041,0.111,0.13,0.348,0.123,0.029,0.079
923,0.064,0.041,0.111,0.13,0.348,0.123,0.029,0.079
924,0.064,0.042,0.111,0.13,0.348,0.123,0.029,0.079
925,0.064,0.042,0.111,0.13,0.349,0.123,0.029,0.079
926,0.064,0.042,0.111,0.13,0.35,0.123,0.029,0.079
927,0.064,0.042,0.111,0.131,0.35,0.123,0.029,0.079
928,0.064,0.042,0.111,0.131,0.35,0.124,0.029,0.079
929,0.064,0.042,0.112,0.131,0.35,0.124,0.029,0.079
930,0.064,0.042,0.112,0.131,0.35,0.124,0.029,0.08
931,0.064,0.042,0.112,0.131,0.351,0.124,0.029,0.08
932,0.064,0.042,0.112,0.131,0.352,0.124,0.029,0.08
933,0.064,0.042,0.112,0.131,0.353,0.124,0.029,0.08
934,0.064,0.042,0.112,0.131,0.354,0.124,0.029,0.08
935,0.064,0.042,0.112,0.132,0.354,0.124,0.029,0.08
936,0.064,0.042,0.112,0.132,0.354,0.124,0.03,0.08
937,0.065,0.042,0.112,0.132,0.354,0.124,0.03,0.08
938,0.065,0.042,0.112,0.132,0.354,0.125,0.03,0.08
939,0.065,0.042,0.113,0.132,0.354,0.125,0.03,0.08
940,0.065,0.042,0.113,0.132,0.355,0.125,0.03,0.08
941,0.065,0.042,0.113,0.132,0.356,0.125,0.03,0.08
942,0.065,0.042,0.113,0.132,0.357,0.125,0.03,0.08
943,0.065,0.042,0.113,0.132,0.358,0.125,0.03,0.08
944,0.065,0.042,0.113,0.132,0.359,0.125,0.03,0.08
945,0.065,0.042,0.113,0.132,0.36,0.125,0.03,0.08
946,0.065,0.042,0.113,0.133,0.36,0.125,0.03,0.08
947,0.065,0.042,0.113,0.133,0.36,0.126,0.03,0.08
948,0.065,0.042,0.114,0.133,0.36,0.126,0.03,0.08
949,0.065,0.042,0.114,0.133,0.361,0.126,0.03,0.08
950,0.065,0.042,0.114,0.133,0.362,0.126,0.03,0.08
951,0.065,0.042,0.114,0.133,0.363,0.126,0.03,0.08
952,0.065,0.042,0.114,0.133,0.364,0.126,0.03,0.08
953,0.065,0.042,0.114,0.134,0.364,0.126,0.03,0.08
954,0.065,0.042,0.114,0.134,0.364,0.126,0.031,0.08
955,0.065,0.042,0.114,0.134,0.364,0.127,0.031,0.08
956,0.065,0.042,0.115,0.134,0.364,0.127,0.031,0.08
957,0.065,0.042,0.115,0.134,0.365,0.127,0.031,0.08
958,0.065,0.042,0.115,0.134,0.366,0.127,0.031,0.08
959,0.065,0.042,0.115,0.134,0.367,0.127,0.031,0.08
960,0.065,0.042,0.115,0.135,0.367,0.127,0.031,0.08
961,0.065,0.042,0.115,0.135,0.367,0.128,0.031,0.08
962,0.065,0.042,0.116,0.135,0.367,0.128,0.031,0.08
963,0.065,0.042,0.116,0.135,0.368,0.128,0.031,0.08
964,0.065,0.042,0.116,0.135,0.369,0.128,0.031,0.08
965,0.065,0.042,0.116,0.135,0.37,0.128,0.031,0.08
966,0.065,0.042,0.116,0.135,0.371,0.128,0.031,0.08
967,0.065,0.042,0.116,0.135,0.372,0.128,0.031,0.08
968,0.065,0.042,0.116,0.136,0.372,0.128,0.031,0.08
969,0.065,0.042,0.116,0.136,0.372,0.129,0.031,0.08
970,0.065,0.042,0.117,0.136,0.372,0.129,0.031,0.08
971,0.065,0.042,0.117,0.136,0.373,0.129,0.031,0.08
972,0.065,0.042,0.117,0.136,0.374,0.129,0.031,0.08
973,0.065,0.042,0.117,0.136,0.375,0.129,0.031,0.08
974,0.065,0.042,0.117,0.136,0.376,0.129,0.031,0.08
975,0.065,0.042,0.117,0.136,0.377,0.129,0.031,0.08
976,0.065,0.042,0.117,0.136,0.378,0.129,0.031,0.08
977,0.065,0.042,0.117,0.136,0.379,0.129,0.031,0.08
978,0.065,0.042,0.117,0.136,0.38,0.129,0.031,0.08
979,0.065,0.042,0.117,0.137,0.38,0.129,0.031,0.08
980,0.065,0.042,0.117,0.137,0.38,0.13,0.031,0.08
981,0.065,0.042,0.118,0.137,0.38,0.13,0.031,0.08
982,0.065,0.042,0.118,0.137,0.381,0.13,0.031,0.08
983,0.065,0.042,0.118,0.138,0.381,0.13,0.031,0.08
984,0.065,0.042,0.118,0.138,0.381,0.131,0.031,0.08
985,0.065,0.042,0.119,0.138,0.381,0.131,0.031,0.08
986,0.065,0.042,0.119,0.138,0.382,0.131,0.031,0.08
987,0.065,0.042,0.119,0.138,0.383,0.131,0.031,0.08
988,0.065,0.042,0.119,0.138,0.384,0.131,0.031,0.08
989,0.065,0.042,0.119,0.138,0.385,0.131,0.031,0.08
990,0.065,0.042,0.119,0.139,0.385,0.131,0.031,0.08
991,0.066,0.042,0.119,0.139,0.385,0.131,0.031,0.08
992,0.066,0.043,0.119,0.139,0.385,0.131,0.031,0.08
993,0.066,0.043,0.119,0.139,0.386,0.131,0.031,0.08
994,0.066,0.043,0.119,0.14,0.386,0.131,0.031,0.08
995,0.066,0.043,0.119,0.14,0.386,0.131,0.032,0.08
996,0.067,0.043,0.119,0.14,0.386,0.131,0.032,0.08
997,0.067,0.043,0.119,0.14,0.386,0.132,0.032,0.08
998,0.067,0.043,0.12,0.14,0.386,0.132,0.032,0.08
999,0.067,0.043,0.12,0.14,0.387,0.132,0.032,0.08
